Datetime,Water Level (m)
2025-07-28 18:00:00,0.08400946
2025-07-28 19:00:00,-0.016412854
2025-07-28 20:00:00,0.23932445
2025-07-28 21:00:00,0.5960214
2025-07-28 22:00:00,1.0172348
2025-07-28 23:00:00,1.3479828
2025-07-29 00:00:00,1.542057
2025-07-29 01:00:00,1.5312765
2025-07-29 02:00:00,1.2880023
2025-07-29 03:00:00,0.98862475
2025-07-29 04:00:00,0.7543394
2025-07-29 05:00:00,0.5380459
2025-07-29 06:00:00,0.34570894
2025-07-29 07:00:00,0.19701901
2025-07-29 08:00:00,0.32350406
2025-07-29 09:00:00,0.8263921
2025-07-29 10:00:00,1.3149985
2025-07-29 11:00:00,1.6674745
2025-07-29 12:00:00,1.8309739
2025-07-29 13:00:00,1.8138671
2025-07-29 14:00:00,1.5386171
2025-07-29 15:00:00,1.22951
2025-07-29 16:00:00,0.99176943
2025-07-29 17:00:00,0.76798165
2025-07-29 18:00:00,0.55462945
2025-07-29 19:00:00,0.36931708
2025-07-29 20:00:00,0.23810726
2025-07-29 21:00:00,0.4804724
2025-07-29 22:00:00,0.98125094
2025-07-29 23:00:00,1.4368258
2025-07-30 00:00:00,1.6604441
2025-07-30 01:00:00,1.7029586
2025-07-30 02:00:00,1.5876814
2025-07-30 03:00:00,1.3383714
2025-07-30 04:00:00,1.0866077
2025-07-30 05:00:00,0.85990256
2025-07-30 06:00:00,0.6430987
2025-07-30 07:00:00,0.45941678
2025-07-30 08:00:00,0.33355454
2025-07-30 09:00:00,0.51671195
2025-07-30 10:00:00,1.0023267
2025-07-30 11:00:00,1.471818
2025-07-30 12:00:00,1.7332476
2025-07-30 13:00:00,1.7945579
2025-07-30 14:00:00,1.6819967
2025-07-30 15:00:00,1.4304165
2025-07-30 16:00:00,1.172736
2025-07-30 17:00:00,0.93909365
2025-07-30 18:00:00,0.7170702
2025-07-30 19:00:00,0.522814
2025-07-30 20:00:00,0.36689416
2025-07-30 21:00:00,0.3559926
2025-07-30 22:00:00,0.70141107
2025-07-30 23:00:00,1.1593463
2025-07-31 00:00:00,1.5196958
2025-07-31 01:00:00,1.6574212
2025-07-31 02:00:00,1.6590624
2025-07-31 03:00:00,1.5060627
2025-07-31 04:00:00,1.2666302
2025-07-31 05:00:00,1.0291908
2025-07-31 06:00:00,0.81335485
2025-07-31 07:00:00,0.61165375
2025-07-31 08:00:00,0.4491757
2025-07-31 09:00:00,0.3829153
2025-07-31 10:00:00,0.65265316
2025-07-31 11:00:00,1.0847939
2025-07-31 12:00:00,1.458148
2025-07-31 13:00:00,1.5993348
2025-07-31 14:00:00,1.5876057
2025-07-31 15:00:00,1.4521997
2025-07-31 16:00:00,1.2330968
2025-07-31 17:00:00,0.9966293
2025-07-31 18:00:00,0.7831483
2025-07-31 19:00:00,0.5851916
2025-07-31 20:00:00,0.41783765
2025-07-31 21:00:00,0.29806277
2025-07-31 22:00:00,0.40044457
2025-07-31 23:00:00,0.7850154
2025-08-01 00:00:00,1.2098933
2025-08-01 01:00:00,1.4769825
2025-08-01 02:00:00,1.5644807
2025-08-01 03:00:00,1.53649
2025-08-01 04:00:00,1.381762
2025-08-01 05:00:00,1.1579366
2025-08-01 06:00:00,0.9404715
2025-08-01 07:00:00,0.74306166
2025-08-01 08:00:00,0.5678783
2025-08-01 09:00:00,0.44729683
2025-08-01 10:00:00,0.47539556
2025-08-01 11:00:00,0.76306814
2025-08-01 12:00:00,1.1365381
2025-08-01 13:00:00,1.3942523
2025-08-01 14:00:00,1.4718168
2025-08-01 15:00:00,1.436346
2025-08-01 16:00:00,1.3046088
2025-08-01 17:00:00,1.0948038
2025-08-01 18:00:00,0.8818856
2025-08-01 19:00:00,0.69114536
2025-08-01 20:00:00,0.51881146
2025-08-01 21:00:00,0.38326755
2025-08-01 22:00:00,0.32343602
2025-08-01 23:00:00,0.5107686
2025-08-02 00:00:00,0.89746207
2025-08-02 01:00:00,1.2730955
2025-08-02 02:00:00,1.4803137
2025-08-02 03:00:00,1.5640974
2025-08-02 04:00:00,1.5461404
2025-08-02 05:00:00,1.3975563
2025-08-02 06:00:00,1.184876
2025-08-02 07:00:00,0.9859915
2025-08-02 08:00:00,0.80538636
2025-08-02 09:00:00,0.64712524
2025-08-02 10:00:00,0.5437637
2025-08-02 11:00:00,0.5605742
2025-08-02 12:00:00,0.77230656
2025-08-02 13:00:00,1.0777678
2025-08-02 14:00:00,1.277935
2025-08-02 15:00:00,1.3276669
2025-08-02 16:00:00,1.285085
2025-08-02 17:00:00,1.179092
2025-08-02 18:00:00,0.9997071
2025-08-02 19:00:00,0.8134565
2025-08-02 20:00:00,0.64634305
2025-08-02 21:00:00,0.4949232
2025-08-02 22:00:00,0.38543472
2025-08-02 23:00:00,0.36430648
2025-08-03 00:00:00,0.56568015
2025-08-03 01:00:00,0.91750914
2025-08-03 02:00:00,1.2459561
2025-08-03 03:00:00,1.446403
2025-08-03 04:00:00,1.5522524
2025-08-03 05:00:00,1.56133
2025-08-03 06:00:00,1.4328301
2025-08-03 07:00:00,1.2358111
2025-08-03 08:00:00,1.04654
2025-08-03 09:00:00,0.8685854
2025-08-03 10:00:00,0.70831865
2025-08-03 11:00:00,0.57788867
2025-08-03 12:00:00,0.50756913
2025-08-03 13:00:00,0.56075794
2025-08-03 14:00:00,0.78205013
2025-08-03 15:00:00,1.0018705
2025-08-03 16:00:00,1.0953697
2025-08-03 17:00:00,1.0733563
2025-08-03 18:00:00,1.001279
